{
  "criteria": {
    "requirement": {
      "trigger": "minecraft:player_hurt_entity",
      "conditions": {
        "entity": [
          {
            "condition": "minecraft:entity_properties",
            "entity": "this",
            "predicate": {
              "type": "minecraft:interaction",
              "nbt": "{Tags:[nitBaseObjective]}"
            }
          },
          {
            "condition": "minecraft:entity_scores",
            "entity": "this",
            "scores": {
              "nitTemp": 0
            }
          }
        ]
      }
    }
  },
  "rewards": {
    "function": "nitdim:illagers/hurt_objective"
  }
}
