{
  "criteria": {
    "enter-portal": {
      "trigger": "minecraft:location",
      "conditions": {
        "player": [
          {
            "condition": "minecraft:entity_properties",
            "entity": "this",
            "predicate": {
              "location": {
                "fluid": {
                  "fluids": "minecraft:flowing_water"
                }
              }
            }
          },
          {
            "condition": "minecraft:reference",
            "name": "nitdim:not_between"
          }
        ]
      }
    }
  },
  "rewards": {
    "function": "nitdim:portals/to_between"
  }
}
