{
  "temperature": 1,
  "downfall": 0,
  "has_precipitation": false,
  "effects": {
    "sky_color": 5675172,
    "fog_color": 4928568,
    "water_color": 1580591,
    "water_fog_color": 2626840,
    "grass_color": 4002826,
    "foliage_color": 5837069,
    "grass_color_modifier": "none",
    "particle": {
      "options": {
        "type": "minecraft:ash"
      },
      "probability": 0.4
    }
  },
  "spawners": {
    "creature": [],
    "monster": [
      {
        "type": "minecraft:silverfish",
        "weight": 5,
        "minCount": 1,
        "maxCount": 1
      },
      {
        "type": "minecraft:slime",
        "weight": 5,
        "minCount": 1,
        "maxCount": 2
      },
      {
        "type": "minecraft:husk",
        "weight": 10,
        "minCount": 1,
        "maxCount": 4
      },
      {
        "type": "minecraft:spider",
        "weight": 10,
        "minCount": 2,
        "maxCount": 3
      },
      {
        "type": "minecraft:zombie",
        "weight": 10,
        "minCount": 2,
        "maxCount": 5
      },
      {
        "type": "minecraft:skeleton",
        "weight": 15,
        "minCount": 1,
        "maxCount": 2
      },
      {
        "type": "minecraft:blaze",
        "weight": 25,
        "minCount": 1,
        "maxCount": 3
      },
      {
        "type": "minecraft:creeper",
        "weight": 50,
        "minCount": 1,
        "maxCount": 2
      }
    ]
  },
  "spawn_costs": {},
  "carvers": {
    "air": "nitdim:volcanic_canyon"
  },
  "features": [
    [],
    [
      "nitdim:lake_lava_heavy",
      "nitdim:primordial_desert/delta_lava"
    ],
    [
      "nitdim:primordial_desert/root_volcanic_zone"
    ],
    [
      "nitdim:dungeons_heavy"
    ],
    [],
    [],
    [
      "nitdim:ore_infested",
      "nitdim:primordial_desert/ore_magma",
      "nitdim:primordial_desert/ore_blackstone",
      "nitdim:primordial_desert/ore_tuff",
      "nitdim:primordial_desert/ore_calcite",
      "nitdim:primordial_desert/ore_smooth_basalt",
      "nitdim:primordial_desert/netherrack_geode_rare",
      "nitdim:ore_andesite",
      "nitdim:ore_diorite",
      "nitdim:primordial_desert/ore_copper_upper",
      "nitdim:primordial_desert/ore_diamond_upper",
      "nitdim:primordial_desert/ore_diamond_lower",
      "nitdim:primordial_desert/ore_diamond_volcanic_zone",
      "nitdim:primordial_desert/ore_debris_volcanic_zone",
      "nitdim:primordial_desert/ore_iron_buried",
      "nitdim:primordial_desert/ore_lapis",
      "nitdim:primordial_desert/ore_redstone_lower",
      "nitdim:primordial_desert/ore_emerald"
    ],
    [],
    [
      "nitdim:primordial_desert/spring_lava_heavy",
      "minecraft:spring_closed"
    ],
    [],
    []
  ]
}
