{
  "type": "minecraft:canyon",
  "config": {
    "probability": 0.07,
    "y": {
      "type": "minecraft:uniform",
      "min_inclusive": {
        "above_bottom": 6
      },
      "max_inclusive": {
        "absolute": 50
      }
    },
    "yScale": 3,
    "lava_level": {
      "above_bottom": 9
    },
    "replaceable": "#nitdim:base_stone_all",
    "vertical_rotation": {
      "type": "minecraft:uniform",
        "min_inclusive": -0.175,
        "max_exclusive": 0.175
    },
    "shape": {
      "distance_factor": {
        "type": "minecraft:uniform",
          "min_inclusive": 0.75,
          "max_exclusive": 3
      },
      "thickness": {
        "type": "minecraft:trapezoid",
        "min": 0,
        "max": 16,
        "plateau": 8
      },
      "width_smoothness": 4,
      "horizontal_radius_factor": {
        "type": "minecraft:uniform",
          "min_inclusive": 0.75,
          "max_exclusive": 1
      },
      "vertical_radius_default_factor": 1,
      "vertical_radius_center_factor": 0
    }
  }
}
