{
    "type": "minecraft:block_column",
    "config": {
      "direction": "up",
      "allowed_placement": {
        "type": "minecraft:true"
      },
      "prioritize_tip": false,
      "layers": [
        {
          "height": {
            "type": "minecraft:uniform",
              "min_inclusive": 2,
              "max_inclusive": 4
          },
          "provider": {
            "type": "minecraft:simple_state_provider",
            "state": {
              "Name": "minecraft:black_concrete_powder"
            }
          }
        }
      ]
    }
  }
  