{
  "type": "minecraft:spline",
  "spline": {
    "coordinate": "minecraft:overworld/erosion",
    "points": [
      {
        "location": 0,
        "derivative": 0,
        "value": 3
      },
      {
        "location": 0,
        "derivative": 0,
        "value": 2
      },
      {
        "location": 0,
        "derivative": 0,
        "value": 1
      },
      {
        "location": 0,
        "derivative": 0,
        "value": 0.5
      },
      {
        "location": 0,
        "derivative": 0,
        "value": 2
      },
      {
        "location": 0,
        "derivative": 0,
        "value": 0.5
      },
      {
        "location": 0,
        "derivative": 0,
        "value": 3
      },
      {
        "location": 0.3,
        "derivative": 1,
        "value": {
          "coordinate": "minecraft:overworld/erosion",
          "points": [
            {
              "location": 1,
              "derivative": 0,
              "value": 0.8
            },
            {
              "location": 0,
              "derivative": 0,
              "value": 0.1
            },
            {
              "location": 0.3,
              "derivative": 0,
              "value": 0.8
            }
          ]
        }
      },
      {
        "location": 0,
        "derivative": 0,
        "value": 3
      },
      {
        "location": 0,
        "derivative": 0,
        "value": 1
      },
      {
        "location": 0,
        "derivative": 0,
        "value": 2
      }
    ]
  }
}
