{
  "type": "minecraft:mul",
  "argument1": {
    "type": "minecraft:add",
    "argument1": {
      "type": "minecraft:y_clamped_gradient",
      "from_y": -128,
      "to_y": 256,
      "from_value": 1,
      "to_value": -1
    },
    "argument2": {
      "type": "minecraft:abs",
      "argument": {
        "type": "minecraft:mul",
        "argument1": {
          "type": "minecraft:noise",
          "noise": "minecraft:gravel",
          "xz_scale": 0.2,
          "y_scale": 0.5
        },
        "argument2": 0.3
      }
    }
  },
  "argument2": 12
}