{
    "feature": "nitdim:buried_ocean/amethyst_geode",
    "placement": [
      {
        "type": "minecraft:rarity_filter",
        "chance": 30
      },
      {
        "type": "minecraft:in_square"
      },
      {
        "type": "minecraft:height_range",
        "height": {
          "type": "minecraft:uniform",
          "min_inclusive": {
            "absolute": 115
          },
          "max_inclusive": {
            "below_top": 8
          }
        }
      },
      {
        "type": "minecraft:biome"
      }
    ]
  }
  