{
  "feature": "nitdim:buried_ocean/block_piles_bright",
  "placement": [
    {
      "type": "minecraft:count",
      "count": 2
    },
    {
      "type": "minecraft:in_square"
    },
    {
      "type": "minecraft:height_range",
      "height": {
        "type": "minecraft:biased_to_bottom",
        "min_inclusive": {
          "above_bottom": 4
        },
        "max_inclusive": {
          "absolute": 40
        }
      }
    },
    {
      "type": "minecraft:block_predicate_filter",
      "predicate": {
        "type": "minecraft:matching_block_tag",
        "offset": [
          0,
          -1,
          0
        ],
        "tag": "nitdim:buried_ocean_seafloor"
      }
    },
    {
      "type": "minecraft:biome"
    }
  ]
}
