{
  "type": "minecraft:vault",
  "pools": [
    {
      "rolls": {
        "min": 3,
        "max": 6
      },
      "entries": [
        {
          "type": "minecraft:loot_table",
          "weight": 4,
          "value": "nitdim:chest/vault/shared"
        },
        {
          "type": "minecraft:item",
          "weight": 1,
          "name": "minecraft:ancient_debris"
        },
        {
          "type": "minecraft:item",
          "weight": 4,
          "name": "minecraft:lapis_block",
          "functions": [
            {
              "function": "minecraft:set_count",
              "count": {
                "type": "minecraft:uniform",
                "min": 3,
                "max": 8
              }
            }
          ]
        },
        {
          "type": "minecraft:item",
          "weight": 3,
          "name": "minecraft:golden_apple"
        },
        {
          "type": "minecraft:item",
          "weight": 6,
          "name": "minecraft:emerald"
        },
        {
          "type": "minecraft:item",
          "name": "minecraft:potion",
          "weight": 2,
          "functions": [
            {
              "function": "minecraft:set_potion",
              "id": "minecraft:long_water_breathing"
            }
          ]
        },
        {
          "type": "minecraft:item",
          "name": "minecraft:coast_armor_trim_smithing_template",
          "weight": 2
        },
        {
          "type": "minecraft:item",
          "name": "minecraft:tide_armor_trim_smithing_template",
          "weight": 2
        },
        {
          "type": "minecraft:item",
          "weight": 5,
          "name": "minecraft:book",
          "functions": [
            {
              "function": "minecraft:enchant_randomly",
              "options": [
                "minecraft:protection",
                "minecraft:thorns",
                "minecraft:projectile_protection",
                "minecraft:aqua_affinity",
                "minecraft:smite",
                "minecraft:respiration",
                "minecraft:looting",
                "minecraft:efficiency",
                "minecraft:silk_touch",
                "minecraft:fortune",
                "minecraft:infinity",
                "minecraft:mending",
                "minecraft:loyalty",
                "minecraft:impaling",
                "minecraft:channeling",
                "minecraft:riptide",
                "minecraft:depth_strider"
              ]
            }
          ]
        }
      ],
      "conditions": [
        {
          "condition": "minecraft:location_check",
          "predicate": {
            "block": {
              "state": {
                "ominous": "false"
              }
            }
          }
        }
      ]
    },
    {
      "rolls": {
        "min": 3,
        "max": 6
      },
      "entries": [
        {
          "type": "minecraft:loot_table",
          "weight": 4,
          "value": "nitdim:chest/vault/shared_ominous"
        },
        {
          "type": "minecraft:item",
          "weight": 1,
          "name": "minecraft:netherite_ingot"
        },
        {
          "type": "minecraft:item",
          "weight": 1,
          "name": "minecraft:trident"
        },
        {
          "type": "minecraft:item",
          "weight": 3,
          "name": "minecraft:enchanted_golden_apple"
        },
        {
          "type": "minecraft:item",
          "weight": 5,
          "name": "minecraft:gold_block"
        },
        {
          "type": "minecraft:item",
          "weight": 2,
          "name": "minecraft:emerald_block"
        },
        {
          "type": "minecraft:item",
          "name": "minecraft:coast_armor_trim_smithing_template",
          "weight": 2
        },
        {
          "type": "minecraft:item",
          "name": "minecraft:tide_armor_trim_smithing_template",
          "weight": 2
        },
        {
          "type": "minecraft:item",
          "weight": 6,
          "name": "minecraft:book",
          "functions": [
            {
              "function": "minecraft:enchant_with_levels",
              "levels": 40,
              "options": [
                "minecraft:protection",
                "minecraft:thorns",
                "minecraft:projectile_protection",
                "minecraft:aqua_affinity",
                "minecraft:smite",
                "minecraft:respiration",
                "minecraft:looting",
                "minecraft:efficiency",
                "minecraft:silk_touch",
                "minecraft:fortune",
                "minecraft:infinity",
                "minecraft:mending",
                "minecraft:loyalty",
                "minecraft:impaling",
                "minecraft:channeling",
                "minecraft:riptide",
                "minecraft:depth_strider"
              ]
            }
          ]
        }
      ],
      "conditions": [
        {
          "condition": "minecraft:location_check",
          "predicate": {
            "block": {
              "state": {
                "ominous": "true"
              }
            }
          }
        }
      ]
    }
  ]
}
