{
  "type": "minecraft:disk",
  "config": {
    "state_provider": {
      "fallback": {
        "type": "minecraft:simple_state_provider",
        "state": {
          "Name": "minecraft:water",
          "Properties": {
            "level": "0"
          }
        }
      },
      "rules": [
        {
          "if_true": {
            "type": "minecraft:matching_blocks",
            "blocks": [
              "minecraft:grass_block",
              "minecraft:dirt"
            ]
          },
          "then": {
            "type": "minecraft:simple_state_provider",
            "state": {
              "Name": "minecraft:water",
              "Properties": {
                "level": "0"
              }
            }
          }
        },
        {
          "if_true": {
            "type": "minecraft:matching_blocks",
            "blocks": [
              "minecraft:air",
              "minecraft:short_grass",
              "minecraft:sugar_cane"
            ]
          },
          "then": {
            "type": "minecraft:simple_state_provider",
            "state": {
              "Name": "minecraft:grass_block",
              "Properties": {
                "snowy": "false"
              }
            }
          }
        }
      ]
    },
    "target": {
      "type": "minecraft:has_sturdy_face",
      "offset": [
        0,
        -1,
        0
      ],
      "direction": "up"
    },
    "radius": {
      "type": "minecraft:uniform",
      "min_inclusive": 1,
      "max_inclusive": 3
    },
    "half_height": 0
  }
}
