{
  "type": "minecraft:spring_feature",
  "config": {
    "state": {
      "Name": "minecraft:lava",
      "Properties": {
        "level": "0"
      }
    },
    "rock_count": 4,
    "hole_count": 1,
    "requires_block_below": false,
    "valid_blocks": [
      "minecraft:stone",
      "minecraft:granite",
      "minecraft:diorite",
      "minecraft:andesite",
      "minecraft:blackstone",
      "minecraft:deepslate",
      "minecraft:tuff",
      "minecraft:calcite",
      "minecraft:smooth_basalt",
      "minecraft:basalt",
      "minecraft:netherrack",
      "minecraft:magma_block"
    ]
  }
}
