{
  "type": "minecraft:entity",
  "pools": [
    {
      "rolls": {
	    "type": "minecraft:uniform",
        "min": 3,
        "max": 4
      },
      "bonus_rolls": 1,
      "entries": [
        {
          "type": "minecraft:item",
          "name": "minecraft:heart_of_the_sea"
        },
        {
          "type": "minecraft:item",
          "name": "minecraft:phantom_membrane",
          "functions": [
            {
              "function": "minecraft:set_count",
              "count": {
			    "type": "minecraft:uniform",
                "min": 1,
                "max": 3
              }
            }
          ]
        },
        {
          "type": "minecraft:item",
          "name": "minecraft:diamond",
          "functions": [
            {
              "function": "minecraft:set_count",
              "count": 1
            }
          ]
        },
        {
          "type": "minecraft:item",
          "name": "minecraft:book",
          "functions": [
            {
              "function": "minecraft:enchant_randomly",
              "options": [
                "minecraft:protection",
                "minecraft:feather_falling",
                "minecraft:projectile_protection",
                "minecraft:binding_curse",
                "minecraft:thorns",
                "minecraft:bane_of_arthropods",
                "minecraft:silk_touch",
                "minecraft:luck_of_the_sea"
              ]
            }
          ]
        }
      ]
    }
  ]
}