{
  "type": "minecraft:entity",
  "pools": [
    {
      "rolls": 1,
      "bonus_rolls": 1,
      "entries": [
        {
          "type": "minecraft:item",
          "name": "minecraft:heart_of_the_sea"
        },
        {
          "type": "minecraft:item",
          "name": "minecraft:nautilus_shell",
          "functions": [
            {
              "function": "minecraft:set_count",
              "count": {
                "type": "minecraft:uniform",
                "min": 1,
                "max": 4
              }
            }
          ]
        },
        {
          "type": "minecraft:item",
          "name": "minecraft:emerald",
          "functions": [
            {
              "function": "minecraft:set_count",
              "count": 3
            }
          ]
        }
      ]
    }
  ]
}