{
  "sea_level": -119,
  "disable_mob_generation": false,
  "aquifers_enabled": false,
  "ore_veins_enabled": true,
  "legacy_random_source": true,
  "default_block": {
    "Name": "minecraft:stone"
  },
  "default_fluid": {
    "Name": "minecraft:lava",
    "Properties": {
      "level": "0"
    }
  },
  "noise": {
    "min_y": -128,
    "height": 256,
    "size_horizontal": 1,
    "size_vertical": 2
  },
  "noise_router": {
    "barrier": -1,
    "fluid_level_floodedness": -1,
    "fluid_level_spread": -1,
    "lava": 0,
    "temperature": {
      "type": "minecraft:shifted_noise",
      "noise": "minecraft:temperature",
      "xz_scale": 0.25,
      "y_scale": 0,
      "shift_x": "minecraft:shift_x",
      "shift_y": 0,
      "shift_z": "minecraft:shift_z"
    },
    "vegetation": {
      "type": "minecraft:shifted_noise",
      "noise": "minecraft:vegetation",
      "xz_scale": 0.25,
      "y_scale": 0,
      "shift_x": "minecraft:shift_x",
      "shift_y": 0,
      "shift_z": "minecraft:shift_z"
    },
    "continents": 0,
    "erosion": 0,
    "depth": "nitdim:primordial_desert/depth",
    "ridges": "nitdim:primordial_desert/weirdness",
    "initial_density_without_jaggedness": "nitdim:primordial_desert/initial_density_without_jaggedness",
    "final_density": {
      "type": "minecraft:squeeze",
      "argument": {
        "type": "minecraft:min",
        "argument1": {
          "type": "minecraft:add",
          "argument1": {
            "type": "minecraft:y_clamped_gradient",
            "from_y": -128,
            "to_y": 256,
            "from_value": 1,
            "to_value": -1
          },
          "argument2": {
            "type": "minecraft:abs",
            "argument": {
              "type": "minecraft:mul",
              "argument1": {
                "type": "minecraft:noise",
                "noise": "minecraft:gravel",
                "xz_scale": 0.2,
                "y_scale": 0.5
              },
              "argument2": 0.3
            }
          }
        },
        "argument2": {
          "type": "minecraft:interpolated",
          "argument": {
            "type": "minecraft:add",
            "argument1": {
              "type": "minecraft:noise",
              "noise": "minecraft:cave_entrance",
              "xz_scale": 2.6,
              "y_scale": 4.27
            },
            "argument2": {
              "type": "minecraft:add",
              "argument1": {
                "type": "minecraft:y_clamped_gradient",
                "from_y": -128,
                "to_y": -64,
                "from_value": 0.375,
                "to_value": 0.05
              },
              "argument2": {
                "type": "minecraft:y_clamped_gradient",
                "from_y": 32,
                "to_y": 80,
                "from_value": 0.02,
                "to_value": 0.3
              }
            }
          }
        }
      }
    },
    "vein_toggle": 0,
    "vein_ridged": 0,
    "vein_gap": 0
  },
  "spawn_target": [],
  "surface_rule": {
    "type": "minecraft:sequence",
    "sequence": [
      {
        "type": "minecraft:condition",
        "if_true": {
          "type": "minecraft:vertical_gradient",
          "random_name": "minecraft:bedrock_floor",
          "true_at_and_below": {
            "above_bottom": 0
          },
          "false_at_and_above": {
            "above_bottom": 5
          }
        },
        "then_run": {
          "type": "minecraft:block",
          "result_state": {
            "Name": "minecraft:bedrock"
          }
        }
      },
      {
        "type": "minecraft:condition",
        "if_true": {
          "type": "minecraft:above_preliminary_surface"
        },
        "then_run": {
          "type": "minecraft:sequence",
          "sequence": [
            {
              "type": "minecraft:condition",
              "if_true": {
                "type": "minecraft:stone_depth",
                "offset": 0,
                "surface_type": "floor",
                "add_surface_depth": false,
                "secondary_depth_range": 1
              },
              "then_run": {
                "type": "minecraft:sequence",
                "sequence": [
                  {
                    "type": "minecraft:condition",
                    "if_true": {
                      "type": "minecraft:biome",
                      "biome_is": [
                        "nitdim:primordial_desert/oasis"
                      ]
                    },
                    "then_run": {
                      "type": "minecraft:block",
                      "result_state": {
                        "Name": "minecraft:grass_block",
                        "Properties": {
                          "snowy": "false"
                        }
                      }
                    }
                  }
                ]
              }
            },
            {
              "type": "minecraft:condition",
              "if_true": {
                "type": "minecraft:stone_depth",
                "offset": 0,
                "surface_type": "floor",
                "add_surface_depth": false,
                "secondary_depth_range": 4
              },
              "then_run": {
                "type": "minecraft:sequence",
                "sequence": [
                  {
                    "type": "minecraft:condition",
                    "if_true": {
                      "type": "minecraft:biome",
                      "biome_is": [
                        "nitdim:primordial_desert/desert"
                      ]
                    },
                    "then_run": {
                      "type": "minecraft:block",
                      "result_state": {
                        "Name": "minecraft:sand"
                      }
                    }
                  },
                  {
                    "type": "minecraft:condition",
                    "if_true": {
                      "type": "minecraft:biome",
                      "biome_is": [
                        "nitdim:primordial_desert/tar_pits"
                      ]
                    },
                    "then_run": {
                      "type": "minecraft:sequence",
                      "sequence": [
                        {
                          "type": "minecraft:condition",
                          "if_true": {
                            "type": "minecraft:noise_threshold",
                            "noise": "minecraft:cave_cheese",
                            "min_threshold": -0.05,
                            "max_threshold": 0.05
                          },
                          "then_run": {
                            "type": "minecraft:block",
                            "result_state": {
                              "Name": "minecraft:mud"
                            }
                          }
                        },
                        {
                          "type": "minecraft:condition",
                          "if_true": {
                            "type": "minecraft:noise_threshold",
                            "noise": "minecraft:cave_cheese",
                            "min_threshold": -0.1,
                            "max_threshold": 0.1
                          },
                          "then_run": {
                            "type": "minecraft:block",
                            "result_state": {
                              "Name": "minecraft:soul_soil"
                            }
                          }
                        },
                        {
                          "type": "minecraft:condition",
                          "if_true": {
                            "type": "minecraft:noise_threshold",
                            "noise": "minecraft:cave_cheese",
                            "min_threshold": 0.2,
                            "max_threshold": 0.45
                          },
                          "then_run": {
                            "type": "minecraft:block",
                            "result_state": {
                              "Name": "minecraft:soul_sand"
                            }
                          }
                        },
                        {
                          "type": "minecraft:block",
                          "result_state": {
                            "Name": "minecraft:mud"
                          }
                        }
                      ]
                    }
                  },
                  {
                    "type": "minecraft:condition",
                    "if_true": {
                      "type": "minecraft:biome",
                      "biome_is": [
                        "nitdim:primordial_desert/painted_desert"
                      ]
                    },
                    "then_run": {
                      "type": "minecraft:sequence",
                      "sequence": [
                        {
                          "type": "minecraft:condition",
                          "if_true": {
                            "type": "minecraft:y_above",
                            "anchor": {
                              "absolute": 97
                            },
                            "surface_depth_multiplier": 0,
                            "add_stone_depth": false
                          },
                          "then_run": {
                            "type": "minecraft:block",
                            "result_state": {
                              "Name": "minecraft:white_concrete_powder"
                            }
                          }
                        },
                        {
                          "type": "minecraft:condition",
                          "if_true": {
                            "type": "minecraft:y_above",
                            "anchor": {
                              "absolute": 93
                            },
                            "surface_depth_multiplier": 0,
                            "add_stone_depth": false
                          },
                          "then_run": {
                            "type": "minecraft:block",
                            "result_state": {
                              "Name": "minecraft:sand"
                            }
                          }
                        },
                        {
                          "type": "minecraft:condition",
                          "if_true": {
                            "type": "minecraft:y_above",
                            "anchor": {
                              "absolute": 92
                            },
                            "surface_depth_multiplier": 0,
                            "add_stone_depth": false
                          },
                          "then_run": {
                            "type": "minecraft:block",
                            "result_state": {
                              "Name": "minecraft:yellow_concrete_powder"
                            }
                          }
                        },
                        {
                          "type": "minecraft:condition",
                          "if_true": {
                            "type": "minecraft:y_above",
                            "anchor": {
                              "absolute": 90
                            },
                            "surface_depth_multiplier": 0,
                            "add_stone_depth": false
                          },
                          "then_run": {
                            "type": "minecraft:block",
                            "result_state": {
                              "Name": "minecraft:orange_concrete_powder"
                            }
                          }
                        },
                        {
                          "type": "minecraft:condition",
                          "if_true": {
                            "type": "minecraft:y_above",
                            "anchor": {
                              "absolute": 89
                            },
                            "surface_depth_multiplier": 0,
                            "add_stone_depth": false
                          },
                          "then_run": {
                            "type": "minecraft:block",
                            "result_state": {
                              "Name": "minecraft:pink_concrete_powder"
                            }
                          }
                        },
                        {
                          "type": "minecraft:condition",
                          "if_true": {
                            "type": "minecraft:y_above",
                            "anchor": {
                              "absolute": 87
                            },
                            "surface_depth_multiplier": 0,
                            "add_stone_depth": false
                          },
                          "then_run": {
                            "type": "minecraft:block",
                            "result_state": {
                              "Name": "minecraft:red_concrete_powder"
                            }
                          }
                        },
                        {
                          "type": "minecraft:condition",
                          "if_true": {
                            "type": "minecraft:y_above",
                            "anchor": {
                              "absolute": 86
                            },
                            "surface_depth_multiplier": 0,
                            "add_stone_depth": false
                          },
                          "then_run": {
                            "type": "minecraft:block",
                            "result_state": {
                              "Name": "minecraft:magenta_concrete_powder"
                            }
                          }
                        },
                        {
                          "type": "minecraft:condition",
                          "if_true": {
                            "type": "minecraft:y_above",
                            "anchor": {
                              "absolute": 81
                            },
                            "surface_depth_multiplier": 0,
                            "add_stone_depth": false
                          },
                          "then_run": {
                            "type": "minecraft:block",
                            "result_state": {
                              "Name": "minecraft:red_sand"
                            }
                          }
                        },
                        {
                          "type": "minecraft:condition",
                          "if_true": {
                            "type": "minecraft:y_above",
                            "anchor": {
                              "absolute": 79
                            },
                            "surface_depth_multiplier": 0,
                            "add_stone_depth": false
                          },
                          "then_run": {
                            "type": "minecraft:block",
                            "result_state": {
                              "Name": "minecraft:white_concrete_powder"
                            }
                          }
                        },
                        {
                          "type": "minecraft:condition",
                          "if_true": {
                            "type": "minecraft:y_above",
                            "anchor": {
                              "absolute": 75
                            },
                            "surface_depth_multiplier": 0,
                            "add_stone_depth": false
                          },
                          "then_run": {
                            "type": "minecraft:block",
                            "result_state": {
                              "Name": "minecraft:sand"
                            }
                          }
                        },
                        {
                          "type": "minecraft:condition",
                          "if_true": {
                            "type": "minecraft:y_above",
                            "anchor": {
                              "absolute": 74
                            },
                            "surface_depth_multiplier": 0,
                            "add_stone_depth": false
                          },
                          "then_run": {
                            "type": "minecraft:block",
                            "result_state": {
                              "Name": "minecraft:yellow_concrete_powder"
                            }
                          }
                        },
                        {
                          "type": "minecraft:condition",
                          "if_true": {
                            "type": "minecraft:y_above",
                            "anchor": {
                              "absolute": 72
                            },
                            "surface_depth_multiplier": 0,
                            "add_stone_depth": false
                          },
                          "then_run": {
                            "type": "minecraft:block",
                            "result_state": {
                              "Name": "minecraft:orange_concrete_powder"
                            }
                          }
                        },
                        {
                          "type": "minecraft:condition",
                          "if_true": {
                            "type": "minecraft:y_above",
                            "anchor": {
                              "absolute": 71
                            },
                            "surface_depth_multiplier": 0,
                            "add_stone_depth": false
                          },
                          "then_run": {
                            "type": "minecraft:block",
                            "result_state": {
                              "Name": "minecraft:pink_concrete_powder"
                            }
                          }
                        },
                        {
                          "type": "minecraft:condition",
                          "if_true": {
                            "type": "minecraft:y_above",
                            "anchor": {
                              "absolute": 69
                            },
                            "surface_depth_multiplier": 0,
                            "add_stone_depth": false
                          },
                          "then_run": {
                            "type": "minecraft:block",
                            "result_state": {
                              "Name": "minecraft:red_concrete_powder"
                            }
                          }
                        },
                        {
                          "type": "minecraft:condition",
                          "if_true": {
                            "type": "minecraft:y_above",
                            "anchor": {
                              "absolute": 68
                            },
                            "surface_depth_multiplier": 0,
                            "add_stone_depth": false
                          },
                          "then_run": {
                            "type": "minecraft:block",
                            "result_state": {
                              "Name": "minecraft:magenta_concrete_powder"
                            }
                          }
                        },
                        {
                          "type": "minecraft:block",
                          "result_state": {
                            "Name": "minecraft:red_sand"
                          }
                        }
                      ]
                    }
                  }
                ]
              }
            },
            {
              "type": "minecraft:condition",
              "if_true": {
                "type": "minecraft:stone_depth",
                "offset": 0,
                "surface_type": "floor",
                "add_surface_depth": true,
                "secondary_depth_range": 2
              },
              "then_run": {
                "type": "minecraft:sequence",
                "sequence": [
                  {
                    "type": "minecraft:condition",
                    "if_true": {
                      "type": "minecraft:biome",
                      "biome_is": [
                        "nitdim:primordial_desert/desert"
                      ]
                    },
                    "then_run": {
                      "type": "minecraft:block",
                      "result_state": {
                        "Name": "minecraft:sandstone"
                      }
                    }
                  },
                  {
                    "type": "minecraft:condition",
                    "if_true": {
                      "type": "minecraft:biome",
                      "biome_is": [
                        "nitdim:primordial_desert/tar_pits"
                      ]
                    },
                    "then_run": {
                      "type": "minecraft:block",
                      "result_state": {
                        "Name": "minecraft:mud"
                      }
                    }
                  },
                  {
                    "type": "minecraft:condition",
                    "if_true": {
                      "type": "minecraft:biome",
                      "biome_is": [
                        "nitdim:primordial_desert/painted_desert"
                      ]
                    },
                    "then_run": {
                      "type": "minecraft:block",
                      "result_state": {
                        "Name": "minecraft:red_sandstone"
                      }
                    }
                  },
                  {
                    "type": "minecraft:condition",
                    "if_true": {
                      "type": "minecraft:biome",
                      "biome_is": [
                        "nitdim:primordial_desert/oasis"
                      ]
                    },
                    "then_run": {
                      "type": "minecraft:block",
                      "result_state": {
                        "Name": "minecraft:dirt"
                      }
                    }
                  }
                ]
              }
            }
          ]
        }
      },
      {
        "type": "minecraft:condition",
        "if_true": {
          "type": "minecraft:vertical_gradient",
          "random_name": "minecraft:deepslate",
          "true_at_and_below": {
            "absolute": 0
          },
          "false_at_and_above": {
            "absolute": 8
          }
        },
        "then_run": {
          "type": "minecraft:block",
          "result_state": {
            "Name": "minecraft:deepslate",
            "Properties": {
              "axis": "y"
            }
          }
        }
      }
    ]
  }
}
