{
  "type": "minecraft:chest",
  "pools": [
    {
      "rolls": 1,
      "entries": [
        {
          "type": "minecraft:loot_table",
          "weight": 2,
          "value": "nitdim:items/books/obelisk_book_2"
        },
        {
          "type": "minecraft:loot_table",
          "weight": 3,
          "value": "nitdim:items/books/obelisk_book_4"
        }
      ]
    },
    {
      "rolls": {
        "type": "minecraft:uniform",
        "min": 12,
        "max": 18
      },
      "entries": [
        {
          "type": "minecraft:item",
          "weight": 1,
          "name": "minecraft:ancient_debris"
        },
        {
          "type": "minecraft:item",
          "weight": 15,
          "name": "minecraft:sandstone"
        },
        {
          "type": "minecraft:item",
          "weight": 11,
          "name": "minecraft:red_sandstone"
        },
        {
          "type": "minecraft:item",
          "weight": 10,
          "name": "minecraft:soul_torch"
        },
        {
          "type": "minecraft:item",
          "weight": 7,
          "name": "minecraft:arrow"
        },
        {
          "type": "minecraft:item",
          "weight": 4,
          "name": "minecraft:diamond"
        },
        {
          "type": "minecraft:item",
          "weight": 3,
          "name": "minecraft:emerald"
        },
        {
          "type": "minecraft:item",
          "weight": 6,
          "name": "minecraft:gold_ingot"
        }
      ]
    },
    {
      "rolls": 1,
      "entries": [
        {
          "type": "minecraft:item",
          "weight": 1,
          "name": "minecraft:spire_armor_trim_smithing_template"
        },
        {
          "type": "minecraft:item",
          "weight": 1,
          "name": "minecraft:vex_armor_trim_smithing_template"
        }
      ],
      "conditions": [
        {
          "condition": "minecraft:random_chance",
          "chance": 0.2
        }
      ]
    }
  ]
}