{
  "type": "minecraft:chest",
  "pools": [
    {
      "rolls": 1,
      "entries": [
        {
          "type": "minecraft:loot_table",
          "weight": 4,
          "value": "nitdim:items/books/town_book_1"
        },
        {
          "type": "minecraft:loot_table",
          "weight": 5,
          "value": "nitdim:items/books/town_book_2"
        },
        {
          "type": "minecraft:loot_table",
          "weight": 6,
          "value": "nitdim:items/books/town_book_3"
        },
        {
          "type": "minecraft:loot_table",
          "weight": 3,
          "value": "nitdim:items/books/town_book_4"
        },
        {
          "type": "minecraft:loot_table",
          "weight": 2,
          "value": "nitdim:items/books/town_book_5"
        },
        {
          "type": "minecraft:loot_table",
          "weight": 2,
          "value": "nitdim:items/books/town_book_6"
        },
        {
          "type": "minecraft:loot_table",
          "weight": 1,
          "value": "nitdim:items/books/town_book_7"
        }
      ]
    },
    {
      "rolls": {
        "type": "minecraft:uniform",
        "min": 5,
        "max": 10
      },
      "bonus_rolls": {
        "type": "minecraft:uniform",
        "min": 2,
        "max": 5
      },
      "entries": [
        {
          "type": "minecraft:item",
          "weight": 9,
          "name": "minecraft:stone",
          "functions": [
            {
              "function": "minecraft:set_count",
              "count": {
                "type": "minecraft:uniform",
                "min": 1,
                "max": 12
              }
            }
          ]
        },
        {
          "type": "minecraft:item",
          "weight": 12,
          "name": "minecraft:oak_log",
          "functions": [
            {
              "function": "minecraft:set_count",
              "count": {
                "type": "minecraft:uniform",
                "min": 1,
                "max": 12
              }
            }
          ]
        },
        {
          "type": "minecraft:item",
          "weight": 4,
          "name": "minecraft:gold_ingot",
          "functions": [
            {
              "function": "minecraft:set_count",
              "count": {
                "type": "minecraft:uniform",
                "min": 1,
                "max": 6
              }
            }
          ]
        },
        {
          "type": "minecraft:loot_table",
          "weight": 1,
          "value": "nitk:items/building_permit"
        }
      ]
    },
    {
      "rolls": 1,
      "entries": [
        {
          "type": "minecraft:item",
          "weight": 5,
          "name": "minecraft:vex_armor_trim_smithing_template"
        },
        {
          "type": "minecraft:item",
          "weight": 5,
          "name": "minecraft:wayfinder_armor_trim_smithing_template"
        },
        {
          "type": "minecraft:item",
          "weight": 1,
          "name": "minecraft:netherite_upgrade_smithing_template"
        }
      ],
      "conditions": [
        {
          "condition": "minecraft:random_chance",
          "chance": 0.1
        }
      ]
    }
  ]
}