{
  "type": "minecraft:chest",
  "pools": [
    {
      "rolls": 1,
      "entries": [
        {
          "type": "minecraft:loot_table",
          "value": "nitdim:items/books/ancient_book_7",
          "weight": 4
        },
        {
          "type": "minecraft:loot_table",
          "value": "nitdim:items/books/ancient_book_8",
          "weight": 1
        }
      ]
    },
    {
      "rolls": {
        "type": "minecraft:uniform",
        "min": 15,
        "max": 25
      },
      "entries": [
        {
          "type": "minecraft:item",
          "name": "minecraft:netherite_ingot",
          "weight": 1
        },
        {
          "type": "minecraft:item",
          "name": "minecraft:gold_ingot",
          "weight": 15
        },
        {
          "type": "minecraft:item",
          "name": "minecraft:diamond",
          "weight": 11
        },
        {
          "type": "minecraft:item",
          "name": "minecraft:emerald",
          "weight": 6
        },
        {
          "type": "minecraft:item",
          "name": "minecraft:lapis_block",
          "weight": 8
        },
        {
          "type": "minecraft:alternatives",
          "children": [
            {
              "type": "minecraft:item",
              "name": "minecraft:netherite_sword",
              "weight": 5,
              "conditions": [
                {
                  "condition": "minecraft:random_chance",
                  "chance": 0.25
                }
              ]
            },
            {
              "type": "minecraft:item",
              "name": "minecraft:netherite_pickaxe",
              "weight": 5,
              "conditions": [
                {
                  "condition": "minecraft:random_chance",
                  "chance": 0.25
                }
              ]
            },
            {
              "type": "minecraft:item",
              "name": "minecraft:netherite_shovel",
              "weight": 5,
              "conditions": [
                {
                  "condition": "minecraft:random_chance",
                  "chance": 0.25
                }
              ]
            },
            {
              "type": "minecraft:item",
              "name": "minecraft:netherite_helmet",
              "weight": 5,
              "conditions": [
                {
                  "condition": "minecraft:random_chance",
                  "chance": 0.25
                }
              ]
            }
          ]
        },
        {
          "type": "minecraft:item",
          "name": "minecraft:ancient_debris",
          "weight": 3
        },
        {
          "type": "minecraft:alternatives",
          "children": [
            {
              "type": "minecraft:item",
              "name": "minecraft:potion",
              "weight": 5,
              "functions": [
                {
                  "function": "minecraft:set_potion",
                  "id": "minecraft:long_night_vision"
                }
              ],
              "conditions": [
                {
                  "condition": "minecraft:random_chance",
                  "chance": 0.5
                }
              ]
            },
            {
              "type": "minecraft:item",
              "name": "minecraft:potion",
              "weight": 5,
              "functions": [
                {
                  "function": "minecraft:set_potion",
                  "id": "minecraft:long_night_vision"
                }
              ],
              "conditions": [
                {
                  "condition": "minecraft:random_chance",
                  "chance": 0.5
                }
              ]
            }
          ]
        },
        {
          "type": "minecraft:item",
          "name": "minecraft:trident",
          "weight": 2
        }
      ]
    },
    {
      "rolls": 1,
      "entries": [
        {
          "type": "minecraft:item",
          "name": "minecraft:coast_armor_trim_smithing_template",
          "weight": 3
        },
        {
          "type": "minecraft:item",
          "name": "minecraft:tide_armor_trim_smithing_template",
          "weight": 3
        },
        {
          "type": "minecraft:item",
          "name": "minecraft:netherite_upgrade_smithing_template",
          "weight": 1
        }
      ],
      "conditions": [
        {
          "condition": "minecraft:random_chance",
          "chance": 0.6
        }
      ]
    }
  ]
}
