{
  "pools": [
    {
      "rolls": 1,
      "entries": [
        {
          "type": "minecraft:item",
          "name": "minecraft:vault",
          "functions": [
            {
              "function": "minecraft:set_components",
              "components": {
                "minecraft:block_entity_data": {
                  "id": "minecraft:vault",
                  "config": {
                    "loot_table": "nitdim:chest/vault/tower",
                    "key_item": {
                      "id": "minecraft:ominous_trial_key",
                      "components": {
                        "minecraft:custom_data": {"nitTrialKey":3},
                        "minecraft:custom_model_data": 8602019,
                        "minecraft:item_name": "{\"text\":\"Ominous Ancient Tower Key\",\"color\":\"dark_blue\"}"
                      }
                    }
                  }
                },
                "minecraft:block_state": {
                  "ominous": "true"
                },
                "minecraft:item_name": "{\"text\":\"Ominous Ancient Tower Vault\",\"color\":\"dark_blue\"}"
              }
            }
          ]
        }
      ]
    }
  ]
}