{
    "type": "minecraft:flat_cache",
    "argument": {
      "type": "minecraft:add",
      "argument1": 0.75,
      "argument2": {
        "type": "minecraft:mul",
        "argument1": {
          "type": "minecraft:y_clamped_gradient",
          "from_y": 104,
          "to_y": 128,
          "from_value": 1,
          "to_value": 0
        },
        "argument2": {
          "type": "minecraft:add",
          "argument1": -0.8375,
          "argument2": {
            "type": "minecraft:noise",
            "noise": "minecraft:cave_cheese",
            "xz_scale": 1.68,
            "y_scale": 3
          }
        }
      }
    }
  }
  