{
  "type": "minecraft:spline",
  "spline": {
    "coordinate": "minecraft:overworld/continents",
    "points": [
      {
        "location": -0.3,
        "derivative": 0,
        "value": 1
      },
      {
        "location": -0.4,
        "derivative": 0,
        "value": {
          "coordinate": "minecraft:overworld/erosion",
          "points": [
            {
              "location": 0,
              "derivative": 0,
              "value": 1.4
            },
            {
              "location": 0.5,
              "derivative": -0.5,
              "value": 1.6
            }
          ]
        }
      }
    ]
  }
}
