{
  "type": "minecraft:block_column",
  "config": {
    "direction": "up",
    "allowed_placement": {
      "type": "minecraft:true"
    },
    "prioritize_tip": true,
    "layers": [
      {
        "height": {
          "type": "minecraft:uniform",
            "min_inclusive": 3,
            "max_inclusive": 8
        },
        "provider": {
          "type": "minecraft:simple_state_provider",
          "state": {
            "Name": "minecraft:quartz_pillar",
            "Properties": {
              "axis": "y"
            }
          }
        }
      }
    ]
  }
}
