{
    "type": "minecraft:block_column",
    "config": {
      "direction": "up",
      "allowed_placement": {
        "type": "minecraft:true"
      },
      "prioritize_tip": true,
      "layers": [
        {
          "height": {
            "type": "minecraft:uniform",
              "min_inclusive": 2,
              "max_inclusive": 3
          },
          "provider": {
            "type": "minecraft:simple_state_provider",
            "state": {
              "Name": "minecraft:cut_red_sandstone"
            }
          }
        },
        {
          "height": 1,
          "provider": {
            "type": "minecraft:simple_state_provider",
            "state": {
              "Name": "minecraft:chiseled_red_sandstone"
            }
          }
        },
        {
          "height": {
            "type": "minecraft:uniform",
              "min_inclusive": 0,
              "max_inclusive": 3
          },
          "provider": {
            "type": "minecraft:simple_state_provider",
            "state": {
              "Name": "minecraft:cut_red_sandstone"
            }
          }
        }
      ]
    }
  }
  