{
  "parent": "nitdim:nitdim/root",
  "display": {
    "icon": {
      "id": "minecraft:white_wool"
    },
    "title": {
      "translate": "nitdim.advancement.ruined_town",
      "fallback": "Where are they now?"
    },
    "description": {
      "translate": "nitdim.advancement.ruined_town.desc",
      "fallback": "Explore the remains of a Ruined Town in the In Between."
    },
    "frame": "task",
    "background": "minecraft:textures/block/oak_planks.png",
    "show_toast": true,
    "announce_to_chat": true,
    "hidden": false
  },
  "rewards": {
    "experience": 100
  },
  "criteria": {
    "location": {
      "trigger": "minecraft:location",
      "conditions": {
        "player": [
          {
            "condition": "minecraft:entity_properties",
            "entity": "this",
            "predicate": {
              "location": {
                "structures": "nitdim:in_between/ruined_town"
              }
            }
          }
        ]
      }
    }
  }
}