{
  "type": "minecraft:vault",
  "pools": [
    {
      "rolls": 1,
      "entries": [
        {
          "type": "minecraft:loot_table",
          "value": "nitdim:chest/spawner/shared"
        },
        {
          "type": "minecraft:loot_table",
          "value": "nitdim:items/keys/chandelier_key"
        }
      ],
      "conditions": [
        {
          "condition": "minecraft:random_chance",
          "chance": 0.2
        }
      ]
    },
    {
      "rolls": 1,
      "entries": [
        {
          "type": "minecraft:item",
          "weight": 3,
          "name": "minecraft:ender_eye"
        },
        {
          "type": "minecraft:item",
          "weight": 10,
          "name": "minecraft:obsidian",
          "functions": [
            {
              "function": "minecraft:set_count",
              "count": {
                "min": 1,
                "max": 3
              }
            }
          ]
        },
        {
          "type": "minecraft:item",
          "weight": 4,
          "name": "minecraft:emerald",
          "functions": [
            {
              "function": "minecraft:set_count",
              "count": {
                "min": 1,
                "max": 3
              }
            }
          ]
        },
        {
          "type": "minecraft:item",
          "weight": 5,
          "name": "minecraft:iron_axe"
        },
        {
          "type": "minecraft:item",
          "weight": 4,
          "name": "minecraft:crossbow"
        },
        {
          "type": "minecraft:item",
          "weight": 6,
          "name": "minecraft:spectral_arrow",
          "functions": [
            {
              "function": "minecraft:set_count",
              "count": {
                "min": 1,
                "max": 3
              }
            }
          ]
        }
      ]
    },
    {
      "rolls": 1,
      "entries": [
        {
          "type": "minecraft:item",
          "weight": 1,
          "name": "minecraft:book",
          "functions": [
            {
              "function": "minecraft:enchant_randomly",
              "options": [
                "minecraft:depth_strider",
                "minecraft:protection",
                "minecraft:projectile_protection",
                "minecraft:feather_falling",
                "minecraft:respiration",
                "minecraft:aqua_affinity",
                "minecraft:thorns",
                "minecraft:depth_strider",
                "minecraft:frost_walker",
                "minecraft:smite",
                "minecraft:bane_of_arthropods",
                "minecraft:looting",
                "minecraft:efficiency",
                "minecraft:silk_touch",
                "minecraft:fortune",
                "minecraft:infinity",
                "minecraft:luck_of_the_sea",
                "minecraft:lure",
                "minecraft:loyalty",
                "minecraft:riptide",
                "minecraft:channeling",
                "minecraft:mending"
              ]
            }
          ]
        }
      ],
      "conditions": [
        {
          "condition": "minecraft:random_chance",
          "chance": 0.2
        }
      ]
    },
    {
      "rolls": 1,
      "entries": [
        {
          "type": "minecraft:item",
          "name": "minecraft:vex_armor_trim_smithing_template"
        }
      ],
      "conditions": [
        {
          "condition": "minecraft:random_chance",
          "chance": 0.2
        }
      ]
    }
  ]
}
