{
    "type": "minecraft:vault",
    "pools": [
      {
        "rolls": 1,
        "entries": [
          {
            "type": "minecraft:item",
            "name": "minecraft:ominous_bottle",
            "weight": 2,
            "functions": [
              {
                "function": "set_ominous_bottle_amplifier",
                "amplifier": {
                  "min": 1,
                  "max": 3
                }
              }
            ]
          },
          {
            "type": "minecraft:item",
            "name": "minecraft:netherite_upgrade_smithing_template",
            "weight": 1
          },
          {
            "type": "minecraft:item",
            "name": "minecraft:experience_bottle",
            "weight": 5,
            "functions": [
              {
                "function": "minecraft:set_count",
                "count": {
                  "min": 1,
                  "max": 3
                }
              }
            ]
          }
        ]
      }
    ]
  }
  