{
  "pools": [
    {
      "rolls": 1,
      "entries": [
        {
          "type": "minecraft:item",
          "name": "minecraft:trial_spawner",
          "functions": [
            {
              "function": "minecraft:set_components",
              "components": {
                "minecraft:item_name": "{\"text\":\"Witch Trial Spawner\",\"color\":\"gold\"}",
                "minecraft:block_entity_data": {
                  "id": "minecraft:trial_spawner",
                  "required_player_range": 8,
                  "target_cooldown_length": 36000,
                  "normal_config": {
                    "total_mobs": 3,
                    "simultaneous_mobs": 1.5,
                    "total_mobs_added_per_player": 0.5,
                    "simultaneous_mobs_added_per_player": 0.5,
                    "spawn_potentials": [
                      {
                        "weight": 1,
                        "data": {
                          "entity": {
                            "id": "minecraft:witch",
                            "DeathLootTable": "nitdim:entities/obelisk_elite"
                          }
                        }
                      }
                    ],
                    "loot_tables_to_eject": [
                      {
                        "weight": 1,
                        "data": "nitdim:chest/spawner/obelisk"
                      }
                    ]
                  },
                  "ominous_config": {
                    "total_mobs": 3,
                    "simultaneous_mobs": 1.5,
                    "total_mobs_added_per_player": 1,
                    "simultaneous_mobs_added_per_player": 1.5,
                    "spawn_potentials": [
                      {
                        "weight": 1,
                        "data": {
                          "entity": {
                            "id": "minecraft:witch",
                            "DeathLootTable": "nitdim:entities/obelisk_elite"
                          },
                          "equipment": {
                            "loot_table": "nitdim:equipment/witch_ominous",
                            "slot_drop_chances": 0.0
                          }
                        }
                      }
                    ],
                    "loot_tables_to_eject": [
                      {
                        "weight": 1,
                        "data": "nitdim:chest/spawner/obelisk_ominous"
                      }
                    ]
                  }
                }
              }
            }
          ]
        }
      ]
    }
  ]
}