{
  "pools": [
    {
      "rolls": 1,
      "entries": [
        {
          "type": "minecraft:item",
          "name": "minecraft:trial_spawner",
          "functions": [
            {
              "function": "minecraft:set_components",
              "components": {
                "minecraft:item_name": "{\"text\":\"Praetor Trial Spawner\",\"color\":\"dark_blue\"}",
                "minecraft:block_entity_data": {
                  "id": "minecraft:trial_spawner",
                  "required_player_range": 8,
                  "target_cooldown_length": 36000,
                  "normal_config": {
                    "total_mobs": 3,
                    "simultaneous_mobs": 1.5,
                    "total_mobs_added_per_player": 0.5,
                    "simultaneous_mobs_added_per_player": 0.5,
                    "spawn_potentials": [
                      {
                        "weight": 1,
                        "data": {
                          "entity": {
                            "id": "minecraft:guardian",
                            "DeathLootTable": "nitdim:entities/tower_elite",
                            "CustomName": "{\"text\":\"Praetor\"}",
                            "attributes": [
                              {
                                "id": "minecraft:generic.max_health",
                                "base": 40.0
                              },
                              {
                                "id": "minecraft:generic.scale",
                                "base": 1.2
                              }
                            ]
                          }
                        }
                      }
                    ],
                    "loot_tables_to_eject": [
                      {
                        "weight": 1,
                        "data": "nitdim:chest/spawner/tower"
                      }
                    ]
                  },
                  "ominous_config": {
                    "total_mobs": 3,
                    "simultaneous_mobs": 1.5,
                    "total_mobs_added_per_player": 1,
                    "simultaneous_mobs_added_per_player": 1.5,
                    "spawn_potentials": [
                      {
                        "weight": 1,
                        "data": {
                          "entity": {
                            "id": "minecraft:guardian",
                            "DeathLootTable": "nitdim:entities/tower_elite",
                            "CustomName": "{\"text\":\"Praetor\"}",
                            "attributes": [
                              {
                                "id": "minecraft:generic.max_health",
                                "base": 40.0
                              },
                              {
                                "id": "minecraft:generic.scale",
                                "base": 1.2
                              }
                            ]
                          },
                          "equipment": {
                            "loot_table": "nitdim:equipment/guardian_ominous",
                            "slot_drop_chances": 0.0
                          }
                        }
                      }
                    ],
                    "loot_tables_to_eject": [
                      {
                        "weight": 1,
                        "data": "nitdim:chest/spawner/tower_ominous"
                      }
                    ]
                  }
                }
              }
            }
          ]
        }
      ]
    }
  ]
}