{
  "type": "minecraft:block_column",
  "config": {
    "direction": "up",
    "allowed_placement": {
      "type": "minecraft:matching_fluids",
      "offset": [
        0,
        0,
        0
      ],
      "fluids": "#minecraft:water"
    },
    "prioritize_tip": true,
    "layers": [
      {
        "height": {
          "type": "minecraft:uniform",
          "min_inclusive": 1,
          "max_inclusive": 8
        },
        "provider": {
          "type": "minecraft:simple_state_provider",
          "state": {
            "Name": "minecraft:kelp_plant"
          }
        }
      },
      {
        "height": 1,
        "provider": {
          "type": "minecraft:simple_state_provider",
          "state": {
            "Name": "minecraft:kelp",
            "Properties": {
              "age": "0"
            }
          }
        }
      }
    ]
  }
}
