{
  "type": "minecraft:random_patch",
  "config": {
    "tries": 256,
    "xz_spread": 2,
    "y_spread": 1,
    "feature": {
      "feature": {
        "type": "minecraft:block_column",
        "config": {
          "direction": "down",
          "allowed_placement": {
            "type": "minecraft:true"
          },
          "prioritize_tip": true,
          "layers": [
            {
              "height": 1,
              "provider": {
                "type": "minecraft:simple_state_provider",
                "state": {
                  "Name": "minecraft:grass_block",
                  "Properties": {
                    "snowy": "false"
                  }
                }
              }
            },
            {
              "height": {
                "type": "minecraft:uniform",
                  "min_inclusive": 1,
                  "max_inclusive": 3
              },
              "provider": {
                "type": "minecraft:simple_state_provider",
                "state": {
                  "Name": "minecraft:dirt"
                }
              }
            },
            {
              "height": {
                "type": "minecraft:uniform",
                  "min_inclusive": 1,
                  "max_inclusive": 2
              },
              "provider": {
                "type": "minecraft:simple_state_provider",
                "state": {
                  "Name": "minecraft:blackstone"
                }
              }
            }
          ]
        }
      },
      "placement": []
    }
  }
}
