{
  "type": "minecraft:random_patch",
  "config": {
    "tries": 150,
    "xz_spread": 7,
    "y_spread": 3,
    "feature": {
      "feature": {
        "type": "minecraft:block_column",
        "config": {
          "direction": "up",
          "allowed_placement": {
            "type": "minecraft:true"
          },
          "prioritize_tip": false,
          "layers": [
            {
              "height": {
                "type": "minecraft:uniform",
                  "min_inclusive": 1,
                  "max_inclusive": 4
              },
              "provider": {
                "type": "minecraft:simple_state_provider",
                "state": {
                  "Name": "minecraft:wet_sponge"
                }
              }
            }
          ]
        }
      },
      "placement": [
        {
          "type": "minecraft:block_predicate_filter",
          "predicate": {
            "type": "minecraft:matching_blocks",
            "offset": [
              0,
              -1,
              0
            ],
            "blocks": [
              "minecraft:sand",
              "minecraft:calcite",
              "minecraft:blackstone",
              "minecraft:deepslate",
              "minecraft:andesite",
              "minecraft:sand",
              "minecraft:clay",
              "minecraft:gravel",
              "minecraft:netherrack",
              "minecraft:dirt",
              "minecraft:prismarine"
            ]
          }
        }
      ]
    }
  }
}
