{
  "temperature": 0.5,
  "downfall": 0.5,
  "has_precipitation": true,
  "temperature_modifier": "none",
  "category": "plains",
  "effects": {
    "sky_color": 8615811,
    "fog_color": 6312541,
    "water_color": 7638226,
    "water_fog_color": 3291203,
    "grass_color": 8736271,
    "foliage_color": 7229714
  },
  "spawners": {
    "creature": [
      {
        "type": "minecraft:donkey",
        "weight": 2,
        "minCount": 1,
        "maxCount": 1
      },
      {
        "type": "minecraft:rabbit",
        "weight": 3,
        "minCount": 2,
        "maxCount": 5
      },
      {
        "type": "minecraft:horse",
        "weight": 5,
        "minCount": 1,
        "maxCount": 4
      },
      {
        "type": "minecraft:chicken",
        "weight": 6,
        "minCount": 3,
        "maxCount": 4
      },
      {
        "type": "minecraft:cow",
        "weight": 8,
        "minCount": 2,
        "maxCount": 3
      },
      {
        "type": "minecraft:pig",
        "weight": 10,
        "minCount": 2,
        "maxCount": 3
      }
    ],
    "monster": [
      {
        "type": "minecraft:ravager",
        "weight": 1,
        "minCount": 1,
        "maxCount": 1
      },
      {
        "type": "minecraft:phantom",
        "weight": 1,
        "minCount": 1,
        "maxCount": 2
      },
      {
        "type": "minecraft:creeper",
        "weight": 4,
        "minCount": 1,
        "maxCount": 1
      },
      {
        "type": "minecraft:zombie_horse",
        "weight": 5,
        "minCount": 1,
        "maxCount": 1
      },
      {
        "type": "minecraft:witch",
        "weight": 7,
        "minCount": 1,
        "maxCount": 2
      },
      {
        "type": "minecraft:skeleton_horse",
        "weight": 8,
        "minCount": 1,
        "maxCount": 2
      },
      {
        "type": "minecraft:spider",
        "weight": 16,
        "minCount": 2,
        "maxCount": 3
      },
      {
        "type": "minecraft:skeleton",
        "weight": 30,
        "minCount": 1,
        "maxCount": 2
      },
      {
        "type": "minecraft:zombie",
        "weight": 40,
        "minCount": 1,
        "maxCount": 3
      }
    ],
    "water_creature": []
  },
  "spawn_costs": {},
  "carvers": {
    "air": [
      "minecraft:canyon",
      "minecraft:cave"
    ]
  },
  "features": [
    [],
    [],
    [],
    [],
    [
      "nitdim:delta_grass"
    ],
    [
      "minecraft:ore_dirt",
      "minecraft:ore_gravel",
      "nitdim:ore_granite",
      "nitdim:ore_diorite",
      "nitdim:ore_andesite",
      "nitdim:tempest/disk_clay",
      "nitdim:tempest/ore_coal",
      "nitdim:tempest/ore_diamond",
      "nitdim:tempest/ore_gold",
      "nitdim:tempest/ore_lapis"
    ],
    [
      "nitdim:tempest/sparse_willow",
      "minecraft:patch_grass_plain",
      "minecraft:patch_dead_bush",
      "nitdim:tempest/crater",
      "minecraft:kelp_cold"
    ],
    [
      "nitdim:tempest/floating_magnetites"
    ],
    [
      "nitdim:tempest/ore_iron_magnetite",
      "nitdim:tempest/ore_redstone_magnetite",
      "nitdim:tempest/ore_copper_magnetite"
    ],
    []
  ]
}
