{
  "type": "minecraft:command",
  "pools": [
    {
      "rolls": 1,
      "entries": [
        {
          "type": "minecraft:item",
          "name": "minecraft:written_book",
          "functions": [
            {
              "function": "minecraft:set_custom_data",
              "tag": "{nitdim_bookAncient:1b}"
            },
            {
              "function": "minecraft:set_components",
              "components": {
                "minecraft:written_book_content": {
                  "title": "Buried Histories Vol. I",
                  "author": "Unknown",
                  "generation": 3,
                  "pages": [
                    "{\"translate\":\"nitdim.book.ancient.1.1\",\"fallback\":\"Elder Judge Syx: \\\"In the trial of King Drizen the Elder v. The Guardians of the Buried Ocean, I call this assembly at the Great Tower to order.\\\"\n\nSyx: \\\"Your majesty, you are charged with the crime of endangering your subjects, pollution,\"}",
                    "{\"translate\":\"nitdim.book.ancient.1.2\",\"fallback\":\"and war crimes including military negligence. How do you plea?\\\"\n\nKing Drizen: \\\"Not guilty, your Elder.\\\"\n\nSyx: \\\"This court will now hear opening remarks from the prosecution, represented by Guardian Hane. The\"}",
                    "{\"translate\":\"nitdim.book.ancient.1.3\",\"fallback\":\"water is yours.\\\"\"}"
                  ],
                  "resolved": true
                }
              }
            }
          ]
        }
      ]
    }
  ]
}
