{
  "type": "minecraft:command",
  "pools": [
    {
      "rolls": 1,
      "entries": [
        {
          "type": "minecraft:item",
          "name": "minecraft:written_book",
          "functions": [
            {
              "function": "minecraft:set_custom_data",
              "tag": "{nitdim_bookObelisk:1b}"
            },
            {
              "function": "minecraft:set_components",
              "components": {
                "minecraft:written_book_content": {
                  "title": "Obelisk Field Report #1",
                  "author": "Unknown",
                  "generation": 3,
                  "pages": [
                    "[\"\",{\"translate\":\"nitdim.book.obelisk.1.1\",\"fallback\":\"Day 14\",\"underlined\":true},{\"translate\":\"nitdim.book.obelisk.1.2\",\"fallback\":\"\nConstruction of the Obelisk has been completed. Its location was chosen for its proximity to several Piglin settlements, which proved doubly fruitful for their willingness to provide some building materials in exchange for gold. Most notably,\"}]",
                    "{\"translate\":\"nitdim.book.obelisk.1.3\",\"fallback\":\"we have had to rely on Soul Fire much more than anticipated, to ward away the Hoglins of the day. Naturally, we are all quite used to those horrors of the night knocking on our doors, but the thick hides and huge tusks of this Primordial Desert are otherworldly.\"}"
                  ],
                  "resolved": true
                }
              }
            }
          ]
        }
      ]
    }
  ]
}
