{
  "type": "minecraft:disk",
  "config": {
    "state_provider": {
      "fallback": {
        "type": "minecraft:simple_state_provider",
        "state": {
          "Name": "minecraft:prismarine"
        }
      },
      "rules": []
    },
    "target": {
      "type": "minecraft:all_of",
      "predicates": [
        {
          "type": "minecraft:matching_blocks",
          "blocks": [
            "minecraft:blackstone",
            "minecraft:sand"
          ]
        },
        {
          "type": "minecraft:matching_blocks",
          "offset": [
            0,
            1,
            0
          ],
          "blocks": [
            "minecraft:water",
            "minecraft:bubble_column",
            "minecraft:kelp",
            "minecraft:seagrass"
          ]
        }
      ]
    },
    "radius": {
      "type": "minecraft:uniform",
        "min_inclusive": 3,
        "max_inclusive": 5
    },
    "half_height": 1
  }
}
