{
  "type": "minecraft:random_patch",
  "config": {
    "xz_spread": 5,
    "y_spread": 5,
    "feature": {
      "feature": {
        "type": "minecraft:random_selector",
        "config": {
          "features": [
            {
              "chance": 0.25,
              "feature": {
                "feature": {
                  "type": "minecraft:simple_block",
                  "config": {
                    "to_place": {
                      "type": "minecraft:simple_state_provider",
                      "state": {
                        "Name": "minecraft:fire_coral_fan",
                        "Properties": {
                          "waterlogged": "true"
                        }
                      }
                    }
                  }
                },
                "placement": [
                  {
                    "type": "minecraft:count",
                    "count": 4
                  },
                  {
                    "type": "minecraft:in_square"
                  },
                  {
                    "type": "minecraft:heightmap",
                    "heightmap": "OCEAN_FLOOR"
                  }
                ]
              }
            }
          ],
          "default": {
            "feature": {
              "type": "minecraft:simple_block",
              "config": {
                "to_place": {
                  "type": "minecraft:simple_state_provider",
                  "state": {
                    "Name": "minecraft:fire_coral",
                    "Properties": {
                      "waterlogged": "true"
                    }
                  }
                }
              }
            },
            "placement": [
              {
                "type": "minecraft:count",
                "count": 4
              },
              {
                "type": "minecraft:in_square"
              },
              {
                "type": "minecraft:heightmap",
                "heightmap": "OCEAN_FLOOR"
              }
            ]
          }
        }
      },
      "placement": [
        {
          "type": "minecraft:block_predicate_filter",
          "predicate": {
            "type": "minecraft:matching_blocks",
            "offset": [
              0,
              -1,
              0
            ],
            "blocks": [
              "minecraft:fire_coral_block"
            ]
          }
        }
      ]
    }
  }
}
