{
  "type": "minecraft:multiface_growth",
  "config": {
    "search_range": 32,
    "chance_of_spreading": 0.95,
    "can_place_on_floor": true,
    "can_place_on_ceiling": true,
    "can_place_on_wall": true,
    "can_be_placed_on": [
      "minecraft:stone",
      "minecraft:andesite",
      "minecraft:diorite",
      "minecraft:granite",
      "minecraft:dripstone_block",
      "minecraft:calcite",
      "minecraft:tuff",
      "minecraft:sand",
      "minecraft:gravel",
      "minecraft:blackstone",
      "minecraft:gilded_blackstone",
      "minecraft:grass_block",
      "minecraft:dirt",
      "minecraft:obsidian",
      "minecraft:crying_obsidian",
      "minecraft:prismarine",
      "minecraft:dark_prismarine"
    ]
  }
}
