{
  "type": "minecraft:vegetation_patch",
  "config": {
    "surface": "floor",
    "depth": 1,
    "vertical_range": 12,
    "extra_bottom_block_chance": 0,
    "extra_edge_column_chance": 0.3,
    "vegetation_chance": 0.08,
    "xz_radius": {
      "type": "minecraft:uniform",
        "min_inclusive": 4,
        "max_inclusive": 7
    },
    "replaceable": "#nitdim:verdant_grove_replaceable",
    "ground_state": {
      "type": "minecraft:simple_state_provider",
      "state": {
        "Name": "minecraft:moss_block"
      }
    },
    "vegetation_feature": "minecraft:lush_caves_vegetation"
  }
}
