{
  "type": "minecraft:tree",
  "config": {
    "ignore_vines": true,
    "force_dirt": false,
    "minimum_size": {
      "type": "minecraft:two_layers_feature_size",
      "min_clipped_height": 7,
      "limit": 15,
      "lower_size": 7,
      "upper_size": 15
    },
    "dirt_provider": {
      "type": "minecraft:simple_state_provider",
      "state": {
        "Name": "minecraft:dirt"
      }
    },
    "trunk_provider": {
      "type": "minecraft:simple_state_provider",
      "state": {
        "Name": "minecraft:acacia_log",
        "Properties": {
          "axis": "y"
        }
      }
    },
    "foliage_provider": {
      "type": "minecraft:simple_state_provider",
      "state": {
        "Name": "minecraft:crying_obsidian"
      }
    },
    "trunk_placer": {
      "type": "minecraft:straight_trunk_placer",
      "base_height": 5,
      "height_rand_a": 5,
      "height_rand_b": 10
    },
    "foliage_placer": {
      "type": "minecraft:spruce_foliage_placer",
      "radius": 2,
      "offset": 1,
      "trunk_height": 2
    },
    "decorators": [
      {
        "type": "minecraft:trunk_vine"
      }
    ]
  }
}
