{
  "type": "minecraft:replace_single_block",
  "config": {
    "targets": [
      {
        "target": {
          "predicate_type": "minecraft:tag_match",
          "tag": "minecraft:deepslate_ore_replaceables"
        },
        "state": {
          "Name": "minecraft:deepslate_emerald_ore"
        }
      },
      {
        "target": {
          "predicate_type": "minecraft:tag_match",
          "tag": "minecraft:stone_ore_replaceables"
        },
        "state": {
          "Name": "minecraft:emerald_ore"
        }
      }
    ]
  }
}
