{
    "type": "minecraft:random_patch",
    "config": {
      "tries": 32,
      "xz_spread": 4,
      "y_spread": 3,
      "feature": {
        "feature": {
          "type": "minecraft:simple_block",
          "config": {
            "to_place": {
              "type": "minecraft:weighted_state_provider",
              "entries": [
                {
                  "weight": 3,
                  "data": {
                    "Name": "minecraft:seagrass"
                  }
                },
                {
                  "weight": 1,
                  "data": {
                    "Name": "minecraft:tall_seagrass",
                    "Properties": {
                      "half": "lower"
                    }
                  }
                }
              ]
            }
          }
        },
        "placement": [
          {
            "type": "minecraft:block_predicate_filter",
            "predicate": {
              "type": "minecraft:all_of",
              "predicates": [
                {
                  "type": "minecraft:matching_fluids",
                  "fluids": "#minecraft:water"
                },
                {
                  "type": "minecraft:matching_block_tag",
                  "offset": [
                    0,
                    -1,
                    0
                  ],
                  "tag": "nitdim:buried_ocean_seafloor"
                }
              ]
            }
          }
        ]
      }
    }
  }
  