{
	"type": "nitdim:buried_ocean",
	"generator": {
	  "type": "minecraft:noise",
	  "settings": "nitdim:buried_ocean",
	  "biome_source": {
		"type": "minecraft:multi_noise",
		"biomes": [
		  {
			"biome": "nitdim:buried_ocean/deep_dark_sea",
			"parameters": {
			  "temperature": 0.3,
			  "humidity": 0,
			  "continentalness": 0,
			  "erosion": 0,
			  "weirdness": 0,
			  "depth": 0,
			  "offset": 0.2
			}
		  },
		  {
			"biome": "nitdim:buried_ocean/pristine_sea",
			"parameters": {
			  "temperature": -0.3,
			  "humidity": 0,
			  "continentalness": 0,
			  "erosion": 0,
			  "weirdness": 0,
			  "depth": 0,
			  "offset": 0.2
			}
		  },
		  {
			"biome": "nitdim:buried_ocean/boiling_sea",
			"parameters": {
			  "temperature": 0.5,
			  "humidity": 0.3,
			  "continentalness": 0,
			  "erosion": 0,
			  "weirdness": 0.1,
			  "depth": 0,
			  "offset": 0
			}
		  },
		  {
			"biome": "nitdim:buried_ocean/verdant_grove",
			"parameters": {
			  "temperature": -0.5,
			  "humidity": -0.3,
			  "continentalness": 0,
			  "erosion": 0,
			  "weirdness": 0,
			  "depth": 0,
			  "offset": 0
			}
		  },
		  {
			"biome": "nitdim:buried_ocean/mystic_roughs",
			"parameters": {
			  "temperature": -0.7,
			  "humidity": 0.5,
			  "continentalness": 0,
			  "erosion": 0,
			  "weirdness": 0.4,
			  "depth": 0,
			  "offset": 0
			}
		  },
		  {
			"biome": "nitdim:buried_ocean/mushroom_forest",
			"parameters": {
			  "temperature": 0,
			  "humidity": 0.4,
			  "continentalness": 0,
			  "erosion": 0,
			  "weirdness": 0,
			  "depth": 0,
			  "offset": 0.3
			}
		  },
		  {
			"biome": "nitdim:buried_ocean/ancient_sea",
			"parameters": {
			  "temperature": 0.6,
			  "humidity": -0.65,
			  "continentalness": 0,
			  "erosion": 0,
			  "weirdness": 0.4,
			  "depth": 0,
			  "offset": 0
			}
		  }
		]
	  }
	}
  }
  