{
  "type": "nitdim:primordial_desert",
  "generator": {
    "type": "minecraft:noise",
    "settings": "nitdim:primordial_desert",
    "biome_source": {
      "type": "minecraft:multi_noise",
      "biomes": [
        {
          "biome": "nitdim:primordial_desert/desert",
          "parameters": {
            "temperature": [
              -0.6,
              0
            ],
            "humidity": [
              0,
              0.5
            ],
            "continentalness": 0,
            "erosion": 0,
            "weirdness": 0,
            "depth": 0,
            "offset": 0
          }
        },
        {
          "biome": "nitdim:primordial_desert/desert",
          "parameters": {
            "temperature": [
              -0.8,
              -0.65
            ],
            "humidity": [
              -0.7,
              -0.6
            ],
            "continentalness": 0,
            "erosion": 0,
            "weirdness": 0,
            "depth": 0,
            "offset": 0
          }
        },
        {
          "biome": "nitdim:primordial_desert/painted_desert",
          "parameters": {
            "temperature": [
              0,
              0.5
            ],
            "humidity": [
              -0.6,
              0
            ],
            "continentalness": 0,
            "erosion": 0,
            "weirdness": 0,
            "depth": 0,
            "offset": 0
          }
        },
        {
          "biome": "nitdim:primordial_desert/tar_pits",
          "parameters": {
            "temperature": 0.6,
            "humidity": 0.6,
            "continentalness": 0,
            "erosion": 0,
            "weirdness": 0.2,
            "depth": 0,
            "offset": 0.24
          }
        },
        {
          "biome": "nitdim:primordial_desert/oasis",
          "parameters": {
            "temperature": -0.6,
            "humidity": 0.6,
            "continentalness": 0,
            "erosion": 0,
            "weirdness": 0.5,
            "depth": 0,
            "offset": 0.35
          }
        },
        {
          "biome": "nitdim:primordial_desert/volcanic_zone",
          "parameters": {
            "temperature": 0.3,
            "humidity": -0.2,
            "continentalness": 0,
            "erosion": 0,
            "weirdness": 0,
            "depth": [
              0.65,
              1
            ],
            "offset": 0
          }
        },
        {
          "biome": "nitdim:primordial_desert/crystal_caves",
          "parameters": {
            "temperature": -0.3,
            "humidity": 0.3,
            "continentalness": 0,
            "erosion": 0,
            "weirdness": 0,
            "depth": [
              0.05,
              0.25
            ],
            "offset": 0
          }
        },
        {
          "biome": "nitdim:primordial_desert/catacombs",
          "parameters": {
            "temperature": -0.5,
            "humidity": -0.5,
            "continentalness": 0,
            "erosion": 0,
            "weirdness": 0,
            "depth": [
              0.35,
              0.85
            ],
            "offset": 0.35
          }
        }
      ]
    }
  }
}
