{
    "display": {
      "icon": {
        "id": "minecraft:crying_obsidian"
      },
      "title": {
        "translate": "nitdim.advancement.global",
        "fallback": "New in Town: Dimensions"
      },
      "description": {
        "translate": "nitdim.advancement.global.desc",
        "fallback": "An expansion for New in Town"
      },
      "show_toast": false,
      "announce_to_chat": false
    },
    "parent": "global:kanokarob",
    "criteria": {
      "trigger": {
        "trigger": "minecraft:tick"
      }
    }
  }
  