{
  "ultrawarm": true,
  "natural": true,
  "piglin_safe": true,
  "respawn_anchor_works": false,
  "bed_works": true,
  "has_raids": false,
  "has_skylight": true,
  "has_ceiling": false,
  "monster_spawn_block_light_limit": 0,
  "monster_spawn_light_level": {
    "type": "minecraft:uniform",
    "min_inclusive": 0,
    "max_inclusive": 7
  },
  "coordinate_scale": 1,
  "ambient_light": 0,
  "logical_height": 256,
  "infiniburn": "#minecraft:infiniburn_overworld",
  "min_y": -128,
  "height": 320
}