{
  "type": "minecraft:tree",
  "config": {
    "ignore_vines": true,
    "force_dirt": false,
    "minimum_size": {
      "type": "minecraft:three_layers_feature_size",
      "min_clipped_height": 5,
      "limit": 16,
      "upper_limit": 16,
      "lower_size": 5,
      "middle_size": 12,
      "upper_size": 16
    },
    "dirt_provider": {
      "type": "minecraft:simple_state_provider",
      "state": {
        "Name": "minecraft:dirt"
      }
    },
    "trunk_provider": {
      "type": "minecraft:simple_state_provider",
      "state": {
        "Name": "minecraft:dark_oak_log",
        "Properties": {
          "axis": "y"
        }
      }
    },
    "foliage_provider": {
      "type": "minecraft:simple_state_provider",
      "state": {
        "Name": "minecraft:dark_oak_leaves",
        "Properties": {
          "persistent": "false",
          "distance": "5",
          "waterlogged": "false"
        }
      }
    },
    "trunk_placer": {
      "type": "minecraft:dark_oak_trunk_placer",
      "base_height": 6,
      "height_rand_a": 4,
      "height_rand_b": 2
    },
    "foliage_placer": {
      "type": "minecraft:dark_oak_foliage_placer",
      "radius": {
        "type": "minecraft:uniform",
          "min_inclusive": 2,
          "max_inclusive": 4
      },
      "offset": 1
    },
    "decorators": [
      {
        "type": "minecraft:attached_to_leaves",
        "probability": 0.06,
        "exclusion_radius_xz": 0,
        "exclusion_radius_y": 0,
        "required_empty_blocks": 1,
        "block_provider": {
          "type": "minecraft:simple_state_provider",
          "state": {
            "Name": "minecraft:cobweb"
          }
        },
        "directions": [
          "down"
        ]
      }
    ]
  }
}
