{
  "type": "minecraft:tree",
  "config": {
    "ignore_vines": true,
    "force_dirt": false,
    "minimum_size": {
      "type": "minecraft:two_layers_feature_size",
      "min_clipped_height": 5,
      "limit": 12,
      "lower_size": 5,
      "upper_size": 12
    },
    "dirt_provider": {
      "type": "minecraft:simple_state_provider",
      "state": {
        "Name": "minecraft:dirt"
      }
    },
    "trunk_provider": {
      "type": "minecraft:simple_state_provider",
      "state": {
        "Name": "minecraft:dark_oak_log",
        "Properties": {
          "axis": "y"
        }
      }
    },
    "foliage_provider": {
      "type": "minecraft:simple_state_provider",
      "state": {
        "Name": "minecraft:dark_oak_leaves",
        "Properties": {
          "persistent": "false",
          "distance": "7",
          "waterlogged": "false"
        }
      }
    },
    "trunk_placer": {
      "type": "minecraft:dark_oak_trunk_placer",
      "base_height": 4,
      "height_rand_a": 1,
      "height_rand_b": 3
    },
    "foliage_placer": {
      "type": "minecraft:dark_oak_foliage_placer",
      "radius": 2,
      "offset": 2
    },
    "decorators": []
  }
}
