{
  "type": "minecraft:vegetation_patch",
  "config": {
    "surface": "ceiling",
    "depth": {
      "type": "minecraft:uniform",
        "min_inclusive": 2,
        "max_inclusive": 3
    },
    "vertical_range": 5,
    "extra_bottom_block_chance": 0,
    "extra_edge_column_chance": 0.3,
    "vegetation_chance": 0.08,
    "xz_radius": {
      "type": "minecraft:uniform",
        "min_inclusive": 4,
        "max_inclusive": 7
    },
    "replaceable": "#nitdim:base_stone_primordial_desert",
    "ground_state": {
      "type": "minecraft:weighted_state_provider",
      "entries": [
        {
          "weight": 15,
          "data": {
            "Name": "minecraft:calcite"
          }
        },
        {
          "weight": 7,
          "data": {
            "Name": "minecraft:amethyst_block"
          }
        },
        {
          "weight": 1,
          "data": {
            "Name": "minecraft:budding_amethyst"
          }
        }
      ]
    },
    "vegetation_feature": {
      "feature": "nitdim:primordial_desert/crystal_cave_hanging",
      "placement": []
    }
  }
}
