{
  "type": "minecraft:simple_block",
  "config": {
    "to_place": {
      "type": "minecraft:weighted_state_provider",
      "entries": [
        {
          "data": {
            "Name": "minecraft:amethyst_cluster",
            "Properties": {
              "facing": "up",
              "waterlogged": "false"
            }
          },
          "weight": 3
        },
        {
          "data": {
            "Name": "minecraft:large_amethyst_bud",
            "Properties": {
              "facing": "up",
              "waterlogged": "false"
            }
          },
          "weight": 5
        },
        {
          "data": {
            "Name": "minecraft:medium_amethyst_bud",
            "Properties": {
              "facing": "up",
              "waterlogged": "false"
            }
          },
          "weight": 7
        },
        {
          "data": {
            "Name": "minecraft:small_amethyst_bud",
            "Properties": {
              "facing": "up",
              "waterlogged": "false"
            }
          },
          "weight": 9
        }
      ]
    }
  }
}