{
  "type": "minecraft:tree",
  "config": {
    "ignore_vines": true,
    "force_dirt": false,
    "minimum_size": {
      "type": "minecraft:two_layers_feature_size",
      "min_clipped_height": 5,
      "limit": 12,
      "lower_size": 5,
      "upper_size": 12
    },
    "dirt_provider": {
      "type": "minecraft:simple_state_provider",
      "state": {
        "Name": "minecraft:air"
      }
    },
    "trunk_provider": {
      "type": "minecraft:simple_state_provider",
      "state": {
        "Name": "minecraft:warped_hyphae",
        "Properties": {
          "axis": "y"
        }
      }
    },
    "foliage_provider": {
      "type": "minecraft:weighted_state_provider",
      "entries": [
        {
          "weight": 1,
          "data": {
            "Name": "minecraft:magenta_stained_glass"
          }
        },
        {
          "weight": 1,
          "data": {
            "Name": "minecraft:purple_stained_glass"
          }
        },
        {
          "weight": 1,
          "data": {
            "Name": "minecraft:white_stained_glass"
          }
        },
        {
          "weight": 5,
          "data": {
            "Name": "minecraft:pearlescent_froglight",
            "Properties": {
              "axis": "y"
            }
          }
        }
      ]
    },
    "root_placer": {
      "type": "minecraft:mangrove_root_placer",
      "root_provider": {
        "type": "minecraft:simple_state_provider",
        "state": {
          "Name": "minecraft:warped_hyphae",
          "Properties": {
            "axis": "y"
          }
        }
      },
      "trunk_offset_y": {
        "type": "minecraft:uniform",
          "min_inclusive": 2,
          "max_inclusive": 3
      },
      "mangrove_root_placement": {
        "max_root_width": 2,
        "max_root_length": 5,
        "random_skew_chance": 0.85,
        "can_grow_through": "minecraft:cave_air",
        "muddy_roots_in": "minecraft:air",
        "muddy_roots_provider": {
          "type": "minecraft:simple_state_provider",
          "state": {
            "Name": "minecraft:warped_hyphae",
            "Properties": {
              "axis": "y"
            }
          }
        }
      }
    },
    "trunk_placer": {
      "type": "minecraft:straight_trunk_placer",
      "base_height": 2,
      "height_rand_a": 1,
      "height_rand_b": 2
    },
    "foliage_placer": {
      "type": "minecraft:blob_foliage_placer",
      "radius": 2,
      "offset": 2,
      "height": 3
    },
    "decorators": [
      {
        "type": "minecraft:attached_to_leaves",
        "probability": 0.15,
        "exclusion_radius_xz": 0,
        "exclusion_radius_y": 0,
        "required_empty_blocks": 1,
        "block_provider": {
          "type": "minecraft:simple_state_provider",
          "state": {
            "Name": "minecraft:amethyst_cluster",
            "Properties": {
              "facing": "down",
              "waterlogged": "false"
            }
          }
        },
        "directions": [
          "down"
        ]
      }
    ]
  }
}
