{
  "type": "minecraft:tree",
  "config": {
    "ignore_vines": true,
    "force_dirt": false,
    "minimum_size": {
      "type": "minecraft:two_layers_feature_size",
      "min_clipped_height": 7,
      "limit": 12,
      "lower_size": 7,
      "upper_size": 12
    },
    "dirt_provider": {
      "type": "minecraft:simple_state_provider",
      "state": {
        "Name": "minecraft:warped_hyphae",
        "Properties": {
          "axis": "y"
        }
      }
    },
    "trunk_provider": {
      "type": "minecraft:simple_state_provider",
      "state": {
        "Name": "minecraft:warped_hyphae",
        "Properties": {
          "axis": "y"
        }
      }
    },
    "foliage_provider": {
      "type": "minecraft:weighted_state_provider",
      "entries": [
        {
          "weight": 1,
          "data": {
            "Name": "minecraft:magenta_stained_glass"
          }
        },
        {
          "weight": 1,
          "data": {
            "Name": "minecraft:purple_stained_glass"
          }
        },
        {
          "weight": 1,
          "data": {
            "Name": "minecraft:white_stained_glass"
          }
        },
        {
          "weight": 5,
          "data": {
            "Name": "minecraft:pearlescent_froglight",
            "Properties": {
              "axis": "y"
            }
          }
        }
      ]
    },
    "trunk_placer": {
      "type": "minecraft:forking_trunk_placer",
      "base_height": 3,
      "height_rand_a": 1,
      "height_rand_b": 4
    },
    "foliage_placer": {
      "type": "minecraft:acacia_foliage_placer",
      "radius": {
        "type": "minecraft:uniform",
          "min_inclusive": 1,
          "max_inclusive": 2
      },
      "offset": 1
    },
    "decorators": []
  }
}
