{
  "type": "minecraft:tree",
  "config": {
    "ignore_vines": true,
    "force_dirt": false,
    "minimum_size": {
      "type": "minecraft:two_layers_feature_size",
      "min_clipped_height": 7,
      "limit": 16,
      "lower_size": 7,
      "upper_size": 16
    },
    "dirt_provider": {
      "type": "minecraft:simple_state_provider",
      "state": {
        "Name": "minecraft:sandstone"
      }
    },
    "trunk_provider": {
      "type": "minecraft:weighted_state_provider",
      "entries": [
        {
          "weight": 15,
          "data": {
            "Name": "minecraft:chiseled_sandstone"
          }
        },
        {
          "weight": 1,
          "data": {
            "Name": "minecraft:gold_block"
          }
        }
      ]
    },
    "foliage_provider": {
      "type": "minecraft:weighted_state_provider",
      "entries": [
        {
          "weight": 1,
          "data": {
            "Name": "minecraft:chiseled_sandstone"
          }
        },
        {
          "weight": 15,
          "data": {
            "Name": "minecraft:cut_sandstone"
          }
        }
      ]
    },
    "trunk_placer": {
      "type": "minecraft:straight_trunk_placer",
      "base_height": 3,
      "height_rand_a": 0,
      "height_rand_b": 0
    },
    "foliage_placer": {
      "type": "minecraft:pine_foliage_placer",
      "radius": 6,
      "offset": 2,
      "height": 6
    },
    "decorators": []
  }
}
