{
  "type": "minecraft:geode",
  "config": {
    "blocks": {
      "filling_provider": {
        "type": "minecraft:simple_state_provider",
        "state": {
          "Name": "minecraft:air"
        }
      },
      "inner_layer_provider": {
        "type": "minecraft:simple_state_provider",
        "state": {
          "Name": "minecraft:netherrack"
        }
      },
      "alternate_inner_layer_provider": {
        "type": "minecraft:simple_state_provider",
        "state": {
          "Name": "minecraft:nether_quartz_ore"
        }
      },
      "middle_layer_provider": {
        "type": "minecraft:simple_state_provider",
        "state": {
          "Name": "minecraft:blackstone"
        }
      },
      "outer_layer_provider": {
        "type": "minecraft:simple_state_provider",
        "state": {
          "Name": "minecraft:obsidian"
        }
      },
      "inner_placements": [
        {
          "Name": "minecraft:obsidian"
        },
        {
          "Name": "minecraft:crying_obsidian"
        },
        {
          "Name": "minecraft:diamond_ore"
        },
        {
          "Name": "minecraft:raw_iron_block"
        }
      ],
      "cannot_replace": "#minecraft:features_cannot_replace",
      "invalid_blocks": "#minecraft:geode_invalid_blocks"
    },
    "layers": {
      "filling": 1.7,
      "inner_layer": 2.2,
      "middle_layer": 3.2,
      "outer_layer": 4.2
    },
    "crack": {
      "generate_crack_chance": 0.15,
      "base_crack_size": 1,
      "crack_point_offset": 1
    },
    "noise_multiplier": 0.05,
    "use_potential_placements_chance": 0.35,
    "use_alternate_layer0_chance": 0.083,
    "placements_require_layer0_alternate": true,
    "outer_wall_distance": {
      "type": "minecraft:uniform",
        "min_inclusive": 4,
        "max_inclusive": 7
    },
    "distribution_points": {
      "type": "minecraft:uniform",
        "min_inclusive": 3,
        "max_inclusive": 5
    },
    "point_offset": {
      "type": "minecraft:uniform",
        "min_inclusive": 1,
        "max_inclusive": 3
    },
    "min_gen_offset": -16,
    "max_gen_offset": 16,
    "invalid_blocks_threshold": 1
  }
}
