{
  "type": "minecraft:random_patch",
  "config": {
    "tries": 4,
    "xz_spread": 7,
    "y_spread": 3,
    "feature": {
      "feature": {
        "type": "minecraft:simple_block",
        "config": {
          "to_place": {
            "type": "minecraft:weighted_state_provider",
            "entries": [
              {
                "weight": 1,
                "data": {
                  "Name": "minecraft:stripped_crimson_stem",
                  "Properties": {
                    "axis": "x"
                  }
                }
              },
              {
                "weight": 1,
                "data": {
                  "Name": "minecraft:stripped_crimson_stem",
                  "Properties": {
                    "axis": "z"
                  }
                }
              }
            ]
          }
        }
      },
      "placement": [
        {
          "type": "minecraft:block_predicate_filter",
          "predicate": {
            "type": "minecraft:all_of",
            "predicates": [
              {
                "type": "minecraft:matching_blocks",
                "blocks": "minecraft:air"
              },
              {
                "type": "minecraft:matching_blocks",
                "offset": [
                  0,
                  -1,
                  0
                ],
                "blocks": [
                  "minecraft:sand",
                  "minecraft:red_sand",
                  "minecraft:yellow_concrete_powder",
                  "minecraft:white_concrete_powder",
                  "minecraft:red_concrete_powder",
                  "minecraft:orange_concrete_powder",
                  "minecraft:pink_concrete_powder",
                  "minecraft:magenta_concrete_powder"
                ]
              }
            ]
          }
        }
      ]
    }
  }
}
