{
  "type": "minecraft:command",
  "pools": [
    {
      "rolls": 1,
      "entries": [
        {
          "type": "minecraft:item",
          "name": "minecraft:spyglass",
          "functions": [
            {
              "function": "minecraft:set_custom_model_data",
              "value": 8602002
            },
            {
              "function": "minecraft:set_custom_data",
              "tag": "{nitsea_clearviewSpyglass:1b}"
            },
            {
              "function": "minecraft:set_name",
              "target": "item_name",
              "name": {
                "translate": "nitdim.item.spyglass",
                "fallback": "Clearview Spyglass",
                "color": "dark_purple",
                "italic": false
              }
            },
            {
              "function": "minecraft:set_lore",
              "lore": [
                {
                  "translate": "nitdim.item.spyglass.desc.1",
                  "fallback": "The holder is immune",
                  "color": "gray",
                  "italic": false
                },
                {
                  "translate": "nitdim.item.spyglass.desc.2",
                  "fallback": "to all effects, negative",
                  "color": "gray",
                  "italic": false
                },
                {
                  "translate": "nitdim.item.spyglass.desc.3",
                  "fallback": "and positive.",
                  "color": "gray",
                  "italic": false
                }
              ],
              "mode": "replace_all"
            },
            {
              "function": "minecraft:set_components",
              "components": {
                "minecraft:enchantment_glint_override": true
              }
            }
          ]
        }
      ]
    }
  ]
}
