{
  "type": "minecraft:command",
  "pools": [
    {
      "rolls": 1,
      "entries": [
        {
          "type": "minecraft:item",
          "name": "minecraft:blaze_rod",
          "functions": [
            {
              "function": "minecraft:set_custom_model_data",
              "value": 8602006
            },
            {
              "function": "minecraft:set_custom_data",
              "tag": "{nitdim_keyCreeper:1b}"
            },
            {
              "function": "minecraft:set_name",
              "target": "item_name",
              "name": {
                "translate": "nitdim.item.key_creeper",
                "fallback": "Key of the Creeper",
                "color": "green",
                "italic": false
              }
            },
            {
              "function": "minecraft:set_lore",
              "lore": [
                {
                  "translate": "nitdim.item.key.desc.1",
                  "fallback": "A blazing key",
                  "color": "gray",
                  "italic": false
                },
                {
                  "translate": "nitdim.item.key.desc.2",
                  "fallback": "to a lost tomb.",
                  "color": "gray",
                  "italic": false
                }
              ],
              "mode": "replace_all"
            },
            {
              "function": "minecraft:set_components",
              "components": {
                "minecraft:enchantment_glint_override": true
              }
            }
          ]
        }
      ]
    }
  ]
}
