{
  "type": "minecraft:command",
  "pools": [
    {
      "rolls": 1,
      "entries": [
        {
          "type": "minecraft:item",
          "name": "minecraft:prismarine_shard",
          "functions": [
            {
              "function": "minecraft:set_custom_model_data",
              "value": 8602023
            },
            {
              "function": "minecraft:set_custom_data",
              "tag": "{nitex_drillRig:1b}"
            },
            {
              "function": "minecraft:set_name",
              "target": "item_name",
              "name": {
                "translate": "nitdim.item.drill_rig",
                "fallback": "Mining Drill Rig",
                "color": "gold",
                "italic": false
              }
            },
            {
              "function": "minecraft:set_lore",
              "lore": [
                {
                  "translate": "nitdim.item.drill_rig.desc.1",
                  "fallback": "A masterfully crafted",
                  "color": "gray",
                  "italic": false
                },
                {
                  "translate": "nitdim.item.drill_rig.desc.2",
                  "fallback": "mining drill.",
                  "color": "gray",
                  "italic": false
                }
              ],
              "mode": "replace_all"
            },
            {
              "function": "minecraft:set_components",
              "components": {
                "minecraft:enchantment_glint_override": true
              }
            }
          ]
        }
      ]
    }
  ]
}
